<?xml version="1.0" encoding="UTF-8"?>
<project-private xmlns="http://www.netbeans.org/ns/project-private/1">
    <editor-bookmarks xmlns="http://www.netbeans.org/ns/editor-bookmarks/2" lastBookmarkId="0"/>
    <open-files xmlns="http://www.netbeans.org/ns/projectui-open-files/2">
        <group>
            <file>file:/C:/xampp/htdocs/www/2014-11-28_as_21_45_SistFinPHP/view/v_registrar.php</file>
            <file>file:/C:/xampp/htdocs/www/2014-11-28_as_21_45_SistFinPHP/view/v_login.php</file>
            <file>file:/C:/xampp/htdocs/www/2014-11-28_as_21_45_SistFinPHP/view/v_grafico.php</file>
            <file>file:/C:/xampp/htdocs/www/2014-11-28_as_21_45_SistFinPHP/view/v_inicio.php</file>
            <file>file:/C:/xampp/htdocs/www/2014-11-28_as_21_45_SistFinPHP/view/v_movimentacao.php</file>
            <file>file:/C:/xampp/htdocs/www/2014-11-28_as_21_45_SistFinPHP/view/v_recuperar.php</file>
            <file>file:/C:/xampp/htdocs/www/2014-11-28_as_21_45_SistFinPHP/view/v_usuario.php</file>
        </group>
    </open-files>
</project-private>
